<?xml version="1.0" encoding="UTF-8"?>
<office:document-content xmlns:office="urn:oasis:names:tc:opendocument:xmlns:office:1.0" xmlns:style="urn:oasis:names:tc:opendocument:xmlns:style:1.0" xmlns:text="urn:oasis:names:tc:opendocument:xmlns:text:1.0" xmlns:table="urn:oasis:names:tc:opendocument:xmlns:table:1.0" xmlns:draw="urn:oasis:names:tc:opendocument:xmlns:drawing:1.0" xmlns:fo="urn:oasis:names:tc:opendocument:xmlns:xsl-fo-compatible:1.0" xmlns:xlink="http://www.w3.org/1999/xlink" xmlns:dc="http://purl.org/dc/elements/1.1/" xmlns:meta="urn:oasis:names:tc:opendocument:xmlns:meta:1.0" xmlns:number="urn:oasis:names:tc:opendocument:xmlns:datastyle:1.0" xmlns:svg="urn:oasis:names:tc:opendocument:xmlns:svg-compatible:1.0" xmlns:chart="urn:oasis:names:tc:opendocument:xmlns:chart:1.0" xmlns:dr3d="urn:oasis:names:tc:opendocument:xmlns:dr3d:1.0" xmlns:math="http://www.w3.org/1998/Math/MathML" xmlns:form="urn:oasis:names:tc:opendocument:xmlns:form:1.0" xmlns:script="urn:oasis:names:tc:opendocument:xmlns:script:1.0" xmlns:ooo="http://openoffice.org/2004/office" xmlns:ooow="http://openoffice.org/2004/writer" xmlns:oooc="http://openoffice.org/2004/calc" xmlns:dom="http://www.w3.org/2001/xml-events" xmlns:xforms="http://www.w3.org/2002/xforms" xmlns:xsd="http://www.w3.org/2001/XMLSchema" xmlns:xsi="http://www.w3.org/2001/XMLSchema-instance" office:version="1.1"><office:scripts/><office:font-face-decls><style:font-face style:name="Courier New" svg:font-family="&apos;Courier New&apos;"/><style:font-face style:name="StarSymbol" svg:font-family="StarSymbol"/><style:font-face style:name="Tahoma1" svg:font-family="Tahoma"/><style:font-face style:name="Times New Roman3" svg:font-family="&apos;Times New Roman&apos;" style:font-family-generic="roman" style:font-pitch="variable"/><style:font-face style:name="Times New Roman1" svg:font-family="&apos;Times New Roman&apos;" style:font-adornments="Bold" style:font-family-generic="roman" style:font-pitch="variable"/><style:font-face style:name="Times New Roman2" svg:font-family="&apos;Times New Roman&apos;" style:font-adornments="Italic" style:font-family-generic="roman" style:font-pitch="variable"/><style:font-face style:name="Times New Roman" svg:font-family="&apos;Times New Roman&apos;" style:font-adornments="Regular" style:font-family-generic="roman" style:font-pitch="variable"/><style:font-face style:name="Arial" svg:font-family="Arial" style:font-family-generic="swiss" style:font-pitch="variable"/><style:font-face style:name="Arial Unicode MS" svg:font-family="&apos;Arial Unicode MS&apos;" style:font-family-generic="system" style:font-pitch="variable"/><style:font-face style:name="Lucida Sans Unicode" svg:font-family="&apos;Lucida Sans Unicode&apos;" style:font-family-generic="system" style:font-pitch="variable"/><style:font-face style:name="Tahoma" svg:font-family="Tahoma" style:font-family-generic="system" style:font-pitch="variable"/></office:font-face-decls><office:automatic-styles><style:style style:name="Table1" style:family="table" style:master-page-name="backcover"><style:table-properties style:width="16.999cm" style:page-number="0" fo:break-before="page" table:align="margins"/></style:style><style:style style:name="Table1.A" style:family="table-column"><style:table-column-properties style:column-width="8.498cm" style:rel-column-width="32767*"/></style:style><style:style style:name="Table1.B" style:family="table-column"><style:table-column-properties style:column-width="8.5cm" style:rel-column-width="32768*"/></style:style><style:style style:name="Table1.A1" style:family="table-cell"><style:table-cell-properties fo:padding="0.097cm" fo:border-left="none" fo:border-right="none" fo:border-top="none" fo:border-bottom="0.002cm solid #000000"/></style:style><style:style style:name="Table1.B1" style:family="table-cell"><style:table-cell-properties fo:padding="0.097cm" fo:border-left="0.002cm solid #000000" fo:border-right="none" fo:border-top="none" fo:border-bottom="0.002cm solid #000000"/></style:style><style:style style:name="P1" style:family="paragraph" style:parent-style-name="Footer"><style:paragraph-properties fo:text-align="start" style:justify-single-word="false"/><style:text-properties fo:font-size="10.5pt" style:font-size-asian="10.5pt" style:font-size-complex="10.5pt"/></style:style><style:style style:name="P2" style:family="paragraph" style:parent-style-name="Footer"><style:paragraph-properties fo:text-align="start" style:justify-single-word="false"><style:tab-stops><style:tab-stop style:position="7.5cm" style:type="center"/><style:tab-stop style:position="15.094cm" style:type="right"/></style:tab-stops></style:paragraph-properties><style:text-properties fo:font-size="10.5pt" style:font-size-asian="10.5pt" style:font-size-complex="10.5pt"/></style:style><style:style style:name="P3" style:family="paragraph" style:parent-style-name="Footer"><style:paragraph-properties fo:text-align="center" style:justify-single-word="false"><style:tab-stops><style:tab-stop style:position="7.5cm" style:type="center"/><style:tab-stop style:position="14.968cm" style:type="right"/></style:tab-stops></style:paragraph-properties><style:text-properties fo:font-size="10.5pt" style:font-size-asian="10.5pt" style:font-size-complex="10.5pt"/></style:style><style:style style:name="P4" style:family="paragraph" style:parent-style-name="Footer"><style:paragraph-properties fo:margin-left="0cm" fo:margin-right="0cm" fo:text-align="start" style:justify-single-word="false" fo:text-indent="-0.4cm" style:auto-text-indent="false"><style:tab-stops><style:tab-stop style:position="7.5cm" style:type="center"/><style:tab-stop style:position="15.094cm" style:type="right"/></style:tab-stops></style:paragraph-properties><style:text-properties fo:font-size="10.5pt" style:font-size-asian="10.5pt" style:font-size-complex="10.5pt"/></style:style><style:style style:name="P5" style:family="paragraph" style:parent-style-name="frontfooter"><style:text-properties fo:font-size="14pt" style:font-size-asian="14pt" style:font-size-complex="14pt"/></style:style><style:style style:name="P6" style:family="paragraph" style:parent-style-name="statusirish"><style:paragraph-properties fo:margin-top="0.199cm" fo:margin-bottom="0.199cm" fo:background-color="transparent" text:number-lines="false" text:line-number="0"><style:background-image/></style:paragraph-properties></style:style><style:style style:name="P7" style:family="paragraph" style:parent-style-name="hr"><style:paragraph-properties fo:background-color="#ffffff" text:number-lines="false" text:line-number="0"><style:background-image/></style:paragraph-properties></style:style><style:style style:name="P8" style:family="paragraph" style:parent-style-name="hr"><style:paragraph-properties fo:background-color="#ffffff" text:number-lines="false" text:line-number="0"><style:background-image/></style:paragraph-properties><style:text-properties style:font-name="Times New Roman3"/></style:style><style:style style:name="P9" style:family="paragraph" style:parent-style-name="statusenglish"><style:paragraph-properties fo:background-color="#ffffff" text:number-lines="false" text:line-number="0"><style:background-image/></style:paragraph-properties></style:style><style:style style:name="P10" style:family="paragraph" style:parent-style-name="graphic"><style:paragraph-properties fo:break-before="page" text:number-lines="false" text:line-number="0"/></style:style><style:style style:name="P11" style:family="paragraph" style:parent-style-name="actsreferredto"><style:paragraph-properties fo:break-before="page"/></style:style><style:style style:name="P12" style:family="paragraph" style:parent-style-name="arrangementofsections"><style:paragraph-properties fo:text-align="start" style:justify-single-word="false"/></style:style><style:style style:name="P13" style:family="paragraph" style:parent-style-name="longtitle"><style:paragraph-properties text:number-lines="true" text:line-number="0"/></style:style><style:style style:name="P14" style:family="paragraph" style:parent-style-name="paragraph"><style:paragraph-properties text:number-lines="true" text:line-number="0"/></style:style><style:style style:name="P15" style:family="paragraph" style:parent-style-name="shorttitleirish"><style:paragraph-properties text:number-lines="true" text:line-number="0"/></style:style><style:style style:name="P16" style:family="paragraph" style:parent-style-name="shorttitleenglish"><style:paragraph-properties text:number-lines="true" text:line-number="0"/></style:style><style:style style:name="P17" style:family="paragraph" style:parent-style-name="entitled"><style:paragraph-properties text:number-lines="true" text:line-number="0"/></style:style><style:style style:name="P18" style:family="paragraph" style:parent-style-name="shouldernote"><style:paragraph-properties text:number-lines="true" text:line-number="0"/></style:style><style:style style:name="P19" style:family="paragraph" style:parent-style-name="section"><style:paragraph-properties text:number-lines="true" text:line-number="0"/></style:style><style:style style:name="P20" style:family="paragraph" style:parent-style-name="bill"><style:paragraph-properties text:number-lines="true" text:line-number="0"/></style:style><style:style style:name="P21" style:family="paragraph" style:parent-style-name="enacted"><style:paragraph-properties text:number-lines="true" text:line-number="0"/></style:style><style:style style:name="P22" style:family="paragraph" style:parent-style-name="centered"><style:paragraph-properties text:number-lines="false" text:line-number="0"/><style:text-properties style:font-name="Times New Roman2" style:font-name-asian="Times New Roman2" style:font-name-complex="Times New Roman2"/></style:style><style:style style:name="P23" style:family="paragraph" style:parent-style-name="centered"><style:paragraph-properties text:number-lines="false" text:line-number="0"/><style:text-properties style:font-name="Times New Roman2" fo:font-style="italic" style:font-name-asian="Times New Roman2" style:font-style-asian="italic" style:font-name-complex="Times New Roman2" style:font-style-complex="italic"/></style:style><style:style style:name="P24" style:family="paragraph" style:parent-style-name="Standard"><style:paragraph-properties text:number-lines="false" text:line-number="0"/></style:style><style:style style:name="P25" style:family="paragraph" style:parent-style-name="Standard"><style:paragraph-properties text:number-lines="false" text:line-number="0"/><style:text-properties style:font-name="Times New Roman2" style:font-name-asian="Times New Roman2" style:font-name-complex="Times New Roman2"/></style:style><style:style style:name="P26" style:family="paragraph" style:parent-style-name="bill"><style:paragraph-properties text:number-lines="false" text:line-number="0"/></style:style><style:style style:name="P27" style:family="paragraph" style:parent-style-name="shorttitlebackpage"><style:paragraph-properties text:number-lines="false" text:line-number="0"/></style:style><style:style style:name="P28" style:family="paragraph" style:parent-style-name="hr2"><style:paragraph-properties text:number-lines="false" text:line-number="0"/></style:style><style:style style:name="P29" style:family="paragraph" style:parent-style-name="hr2"><style:paragraph-properties text:number-lines="false" text:line-number="0"/><style:text-properties style:font-name="Times New Roman3"/></style:style><style:style style:name="P30" style:family="paragraph" style:parent-style-name="hr2"><style:paragraph-properties text:number-lines="false" text:line-number="0"/><style:text-properties style:font-name="Times New Roman2" style:font-name-asian="Times New Roman2" style:font-name-complex="Times New Roman2"/></style:style><style:style style:name="P31" style:family="paragraph" style:parent-style-name="asinitiated"><style:paragraph-properties text:number-lines="false" text:line-number="0"/></style:style><style:style style:name="P32" style:family="paragraph" style:parent-style-name="hr"><style:paragraph-properties text:number-lines="false" text:line-number="0"/></style:style><style:style style:name="P33" style:family="paragraph" style:parent-style-name="shorttitleirish"><style:text-properties fo:text-transform="uppercase"/></style:style><style:style style:name="P34" style:family="paragraph" style:parent-style-name="actreferredto"><style:paragraph-properties><style:tab-stops/></style:paragraph-properties></style:style><style:style style:name="P35" style:family="paragraph" style:parent-style-name="graphic" style:master-page-name="First_20_Page"><style:paragraph-properties style:page-number="1"/></style:style><style:style style:name="P36" style:family="paragraph" style:parent-style-name="Standard" style:master-page-name="frontcover"><style:paragraph-properties style:page-number="1"/></style:style><style:style style:name="T1" style:family="text"><style:text-properties fo:font-weight="normal"/></style:style><style:style style:name="T2" style:family="text"><style:text-properties fo:font-weight="bold"/></style:style><style:style style:name="T3" style:family="text"><style:text-properties fo:font-style="italic"/></style:style><style:style style:name="T4" style:family="text"><style:text-properties fo:font-style="italic" style:font-style-asian="italic" style:font-style-complex="italic"/></style:style><style:style style:name="T5" style:family="text"><style:text-properties fo:text-transform="uppercase"/></style:style><style:style style:name="T6" style:family="text"><style:text-properties style:font-name="Times New Roman3"/></style:style><style:style style:name="T7" style:family="text"><style:text-properties style:font-name="Times New Roman3" fo:font-style="italic" fo:font-weight="normal" style:font-style-asian="italic" style:font-weight-asian="normal" style:font-style-complex="italic" style:font-weight-complex="normal"/></style:style><style:style style:name="T8" style:family="text"><style:text-properties style:font-name="Times New Roman3" style:font-name-asian="Times New Roman2" style:font-name-complex="Times New Roman2"/></style:style><style:style style:name="T9" style:family="text"><style:text-properties style:font-name="Times New Roman2"/></style:style><style:style style:name="T10" style:family="text"><style:text-properties style:font-name="Times New Roman2" style:font-name-asian="Times New Roman2" style:font-name-complex="Times New Roman2"/></style:style><style:style style:name="T11" style:family="text"/><style:style style:name="Sect1" style:family="section"><style:section-properties style:editable="false"><style:columns fo:column-count="1" fo:column-gap="0cm"/></style:section-properties></style:style></office:automatic-styles><office:body><office:text text:use-soft-page-breaks="true"><office:forms form:automatic-focus="false" form:apply-design-mode="false"/><text:sequence-decls><text:sequence-decl text:display-outline-level="0" text:name="Illustration"/><text:sequence-decl text:display-outline-level="0" text:name="Table"/><text:sequence-decl text:display-outline-level="0" text:name="Text"/><text:sequence-decl text:display-outline-level="0" text:name="Drawing"/><text:sequence-decl text:display-outline-level="0" text:name="page_no"/><text:sequence-decl text:display-outline-level="0" text:name="section"/><text:sequence-decl text:display-outline-level="0" text:name="paragraph"/><text:sequence-decl text:display-outline-level="0" text:name="paragraph_no"/><text:sequence-decl text:display-outline-level="0" text:name="subparagraph_no"/><text:sequence-decl text:display-outline-level="0" text:name="subsection_no"/><text:sequence-decl text:display-outline-level="0" text:name="clause_no"/><text:sequence-decl text:display-outline-level="0" text:name="subclause_no"/><text:sequence-decl text:display-outline-level="0" text:name="section_no"/><text:sequence-decl text:display-outline-level="0" text:name="part_no"/><text:sequence-decl text:display-outline-level="0" text:name="chapter_no"/><text:sequence-decl text:display-outline-level="0" text:name="schedulenumber"/><text:sequence-decl text:display-outline-level="0" text:name="schedulepartnumber"/><text:sequence-decl text:display-outline-level="0" text:name="scheduleparagraphnumber"/><text:sequence-decl text:display-outline-level="0" text:name="schedulesubparagraphnumber"/><text:sequence-decl text:display-outline-level="0" text:name="scheduleclausenumber"/><text:sequence-decl text:display-outline-level="0" text:name="schedulesubclausenumber"/><text:sequence-decl text:display-outline-level="0" text:name="sectionnumber"/><text:sequence-decl text:display-outline-level="0" text:name="subsectionnumber"/><text:sequence-decl text:display-outline-level="0" text:name="paragraphnumber"/><text:sequence-decl text:display-outline-level="0" text:name="subparagraphnumber"/><text:sequence-decl text:display-outline-level="0" text:name="clausenumber"/><text:sequence-decl text:display-outline-level="0" text:name="subclausenumber"/><text:sequence-decl text:display-outline-level="0" text:name="partnumber"/><text:sequence-decl text:display-outline-level="0" text:name="chapternumber"/></text:sequence-decls><text:user-field-decls><text:user-field-decl office:value-type="string" office:string-value="No. 4 of 2016" text:name="Footer"/><text:user-field-decl office:value-type="string" office:string-value="" text:name="-pi-oasys [cp10]"/><text:user-field-decl office:value-type="string" office:string-value="" text:name="-pi-oasys [cp10] "/><text:user-field-decl office:value-type="string" office:string-value="" text:name="-pi-oasys [jy"/><text:user-field-decl office:value-type="string" office:string-value="" text:name="-pi-oasys [el4] "/><text:user-field-decl office:value-type="string" office:string-value="" text:name="-pi-oasys [pf5p0] "/><text:user-field-decl office:value-type="string" office:string-value="" text:name="-pi-oasys [jy "/><text:user-field-decl office:value-type="string" office:string-value="" text:name="-pi-oasys [lw\xbc,1p8] "/><text:user-field-decl office:value-type="string" office:string-value="" text:name="-pi-oasys [lf "/><text:user-field-decl office:value-type="string" office:string-value="An Bille um Ghníomhaireacht Bainistíochta Abhainn na Sionainne, 2016" text:name="GA_shorttitle"/><text:user-field-decl office:value-type="string" office:string-value="River Shannon Management Agency Bill 2016" text:name="EN_shorttitle"/><text:user-field-decl office:value-type="string" office:string-value="Bill" text:name="STATUS"/><text:user-field-decl office:value-type="string" office:string-value="As initiated" text:name="EN_DOC_STAGE"/><text:user-field-decl office:value-type="string" office:string-value="Mar a tionscnaíodh" text:name="GA_DOC_STAGE"/><text:user-field-decl office:value-type="string" office:string-value="An Act to create a single competent authority to co-ordinate flood risk and management along the River Shannon and to for matters connected therewith." text:name="EN_longtitle"/><text:user-field-decl office:value-type="string" office:string-value="GA_shorttitle_caps" text:name="GA_shorttitle_caps"/></text:user-field-decls><text:p text:style-name="P36"/><text:p text:style-name="Standard"/><text:p text:style-name="graphic_5f_frontpage"/><text:p text:style-name="hr"/><text:p text:style-name="shorttitleirish_5f_frontpage"><text:span text:style-name="bold_5f_noitalic_5f_nounderline"><text:span text:style-name="T6">An Bille um Ghníomhaireacht Bainistíochta Abhainn na Sionainne, 2016</text:span></text:span></text:p><text:p text:style-name="shorttitleenglish_5f_frontpage"><text:span text:style-name="bold_5f_noitalic_5f_nounderline"><text:span text:style-name="T6">River Shannon Management Agency Bill 2016</text:span></text:span></text:p><text:p text:style-name="P8"/><text:p text:style-name="asinitiated"><text:span text:style-name="bold_5f_noitalic_5f_nounderline"><text:span text:style-name="T7">Mar a tionscnaíodh</text:span></text:span></text:p><text:p text:style-name="asinitiated"><text:span text:style-name="bold_5f_noitalic_5f_nounderline"><text:span text:style-name="T7">As initiated</text:span></text:span></text:p><text:p text:style-name="hr"/><text:p text:style-name="P35"/><text:p text:style-name="hr"/><text:p text:style-name="P33"><text:user-field-get text:name="GA_shorttitle">An Bille um Ghníomhaireacht Bainistíochta Abhainn na Sionainne, 2016</text:user-field-get></text:p><text:p text:style-name="shorttitleenglish"><text:span text:style-name="bold_5f_noitalic_5f_nounderline"><text:span text:style-name="T2"><text:user-field-get text:name="EN_shorttitle">River Shannon Management Agency Bill 2016</text:user-field-get></text:span></text:span><text:span text:style-name="bold_5f_noitalic_5f_nounderline"><text:span text:style-name="T2"> </text:span></text:span></text:p><text:p text:style-name="hr"/><text:p text:style-name="P6"><text:span text:style-name="nobold_5f_italic_5f_nounderline"><text:user-field-get text:name="GA_DOC_STAGE">Mar a tionscnaíodh</text:user-field-get></text:span><text:span text:style-name="nobold_5f_italic_5f_nounderline"> </text:span></text:p><text:p text:style-name="P9"><text:span text:style-name="nobold_5f_italic_5f_nounderline"><text:user-field-get text:name="EN_DOC_STAGE">As initiated</text:user-field-get></text:span><text:span text:style-name="nobold_5f_italic_5f_nounderline"> </text:span></text:p><text:p text:style-name="hr"/><text:p text:style-name="P7"/><text:p text:style-name="arrangementofsections">CONTENTS</text:p><text:p text:style-name="arrangementofsections"/><text:p text:style-name="P12">Section</text:p><text:p text:style-name="tocsectionnumber">1. <text:s/><text:bookmark-ref text:reference-format="text" text:ref-name="toc_book_1">Interpretation</text:bookmark-ref></text:p><text:p text:style-name="tocsectionnumber">2. <text:s/><text:bookmark-ref text:reference-format="text" text:ref-name="toc_book_2">Regulations</text:bookmark-ref></text:p><text:p text:style-name="tocsectionnumber">3. <text:s/><text:bookmark-ref text:reference-format="text" text:ref-name="toc_book_3">Establishment day</text:bookmark-ref></text:p><text:p text:style-name="tocsectionnumber">4. <text:s/><text:bookmark-ref text:reference-format="text" text:ref-name="toc_book_4">Establishment of the River Shannon Management Agency</text:bookmark-ref></text:p><text:p text:style-name="tocsectionnumber">5. <text:s/><text:bookmark-ref text:reference-format="text" text:ref-name="toc_book_5">Powers of the River Shannon Management Agency</text:bookmark-ref></text:p><text:p text:style-name="tocsectionnumber">6. <text:s/><text:bookmark-ref text:reference-format="text" text:ref-name="toc_book_6">Functions of the River Shannon Management Agency</text:bookmark-ref></text:p><text:p text:style-name="tocsectionnumber">7. <text:s/><text:bookmark-ref text:reference-format="text" text:ref-name="toc_book_7">Strategic Plan for management of the River Shannon</text:bookmark-ref></text:p><text:p text:style-name="tocsectionnumber">8. <text:s/><text:bookmark-ref text:reference-format="text" text:ref-name="toc_book_8">Agreements between Agency and public bodies concerning performance of functions</text:bookmark-ref></text:p><text:p text:style-name="tocsectionnumber">9. <text:s/><text:bookmark-ref text:reference-format="text" text:ref-name="toc_book_9">Informal arrangements between Agency and public bodies concerning performance of functions</text:bookmark-ref></text:p><text:p text:style-name="tocsectionnumber">10. <text:s/><text:bookmark-ref text:reference-format="text" text:ref-name="toc_book_10">Minister’s power to issue guidelines to the River Shannon Management Agency</text:bookmark-ref></text:p><text:p text:style-name="tocsectionnumber">11. <text:s/><text:bookmark-ref text:reference-format="text" text:ref-name="toc_book_11">Accountability</text:bookmark-ref></text:p><text:p text:style-name="tocsectionnumber">12. <text:s/><text:bookmark-ref text:reference-format="text" text:ref-name="toc_book_12">Short title and commencement</text:bookmark-ref></text:p><text:p text:style-name="tocsectionnumber"/><text:alphabetical-index text:style-name="Sect1" text:protected="true" text:name="Alphabetical Index1"><text:alphabetical-index-source text:sort-algorithm="alphanumeric" fo:language="en" fo:country="IE"><text:index-title-template text:style-name="actsreferredto">Acts Referred to</text:index-title-template><text:alphabetical-index-entry-template text:outline-level="separator" text:style-name="Index_20_Separator"><text:index-entry-text/></text:alphabetical-index-entry-template><text:alphabetical-index-entry-template text:outline-level="1" text:style-name="actreferredto"><text:index-entry-text/></text:alphabetical-index-entry-template><text:alphabetical-index-entry-template text:outline-level="2" text:style-name="actreferredto"><text:index-entry-text/></text:alphabetical-index-entry-template><text:alphabetical-index-entry-template text:outline-level="3" text:style-name="actreferredto"><text:index-entry-text/></text:alphabetical-index-entry-template></text:alphabetical-index-source><text:index-body><text:index-title text:style-name="Sect1" text:name="Alphabetical Index1_Head"><text:p text:style-name="P11">Acts Referred to</text:p></text:index-title><text:p text:style-name="P34">Arterial Drainage (Amendment) Act 1995 (No. 14)</text:p><text:p text:style-name="P34">Arterial Drainage Act 1945 (No. 3)</text:p><text:p text:style-name="P34">Coast Protection Act 1963 (No. 12)</text:p><text:p text:style-name="P34">Companies Acts</text:p><text:p text:style-name="P34">Higher Education Authority Act 1971 (No. 22)</text:p><text:p text:style-name="P34">Local Government Act 2001 (No. 37)</text:p></text:index-body></text:alphabetical-index><text:p text:style-name="Standard"/><text:p text:style-name="P10"/><text:p text:style-name="hr"/><text:p text:style-name="P15"><text:hidden-text text:condition="ooow:" text:string-value="P5:L1" text:is-hidden="true"/><text:span text:style-name="T5"><text:user-field-get text:name="GA_shorttitle">An Bille um Ghníomhaireacht Bainistíochta Abhainn na Sionainne, 2016</text:user-field-get></text:span><text:span text:style-name="T5"><text:hidden-text text:condition="ooow:" text:string-value="P5:L2" text:is-hidden="true"/></text:span></text:p><text:p text:style-name="P16"><text:hidden-text text:condition="ooow:" text:string-value="P5:L3" text:is-hidden="true"/><text:span text:style-name="bold_5f_noitalic_5f_nounderline"><text:span text:style-name="T2"><text:user-field-get text:name="EN_shorttitle">River Shannon Management Agency Bill 2016</text:user-field-get></text:span></text:span></text:p><text:p text:style-name="P32"><text:hidden-text text:condition="ooow:" text:string-value="P5:L4" text:is-hidden="true"/> </text:p><text:p text:style-name="P20"><text:hidden-text text:condition="ooow:" text:string-value="P5:L5" text:is-hidden="true"/><text:user-field-get text:name="STATUS">Bill</text:user-field-get></text:p><text:p text:style-name="P17"><text:hidden-text text:condition="ooow:" text:string-value="P5:L6" text:is-hidden="true"/>entitled</text:p><text:p text:style-name="P13"><text:hidden-text text:condition="ooow:" text:string-value="P5:L7" text:is-hidden="true"/>An Act to create a single competent authority to co-ordinate flood risk and management <text:hidden-text text:condition="ooow:" text:string-value="P5:L8" text:is-hidden="true"/>along the River Shannon and to provide for matters connected therewith.</text:p><text:p text:style-name="P21"><text:hidden-text text:condition="ooow:" text:string-value="P5:L9" text:is-hidden="true"/>Be it enacted by the Oireachtas as follows:</text:p><text:p text:style-name="P18"><text:hidden-text text:condition="ooow:" text:string-value="P5:L10" text:is-hidden="true"/><text:bookmark-start text:name="toc_book_1"/>Interpretation<text:bookmark-end text:name="toc_book_1"/></text:p><text:p text:style-name="P19"><text:hidden-text text:condition="ooow:" text:string-value="P5:L11" text:is-hidden="true"/><text:reference-mark-start text:name="sectionnumber_1"/><text:span text:style-name="T2"><text:sequence text:ref-name="refsectionnumber0" text:name="sectionnumber" style:num-format="1">1</text:sequence></text:span><text:reference-mark-end text:name="sectionnumber_1"/><text:span text:style-name="T2">.</text:span><text:tab/>In this Act⁠—</text:p><text:p text:style-name="P19"><text:hidden-text text:condition="ooow:" text:string-value="P5:L12" text:is-hidden="true"/><text:tab/>“establishment day” means the day appointed under <text:span text:style-name="T3">section</text:span> <text:span text:style-name="T3"><text:reference-ref text:reference-format="text" text:ref-name="sectionnumber_3">3</text:reference-ref></text:span>;</text:p><text:p text:style-name="P19"><text:hidden-text text:condition="ooow:" text:string-value="P5:L13" text:is-hidden="true"/><text:tab/>“local authority” means a local authority for the purposes of the Local Government Act <text:hidden-text text:condition="ooow:" text:string-value="P5:L14" text:is-hidden="true"/>2001;</text:p><text:p text:style-name="P19"><text:hidden-text text:condition="ooow:" text:string-value="P5:L15" text:is-hidden="true"/><text:tab/>“public body” means⁠—</text:p><text:p text:style-name="P14"><text:hidden-text text:condition="ooow:" text:string-value="P5:L16" text:is-hidden="true"/><text:tab/><text:reference-mark-start text:name="paragraphnumber_1"/>(<text:sequence text:ref-name="refparagraphnumber0" text:name="paragraphnumber" text:formula="ooow:1" style:num-format="a">a</text:sequence>)<text:reference-mark-end text:name="paragraphnumber_1"/><text:tab/>a Department of State,</text:p><text:p text:style-name="P14"><text:hidden-text text:condition="ooow:" text:string-value="P5:L17" text:is-hidden="true"/><text:tab/><text:reference-mark-start text:name="paragraphnumber_2"/>(<text:sequence text:ref-name="refparagraphnumber1" text:name="paragraphnumber" text:formula="ooow:paragraphnumber+1" style:num-format="a">b</text:sequence>)<text:reference-mark-end text:name="paragraphnumber_2"/><text:tab/>a local authority within the meaning of the <text:alphabetical-index-mark text:string-value="Local Government Act 2001 (No. 37)"/><text:a xlink:type="simple" xlink:href="http://www.irishstatutebook.ie/2001/en/act/pub/0037/index.html">Local Government Act 2001</text:a>,</text:p><text:p text:style-name="P14"><text:hidden-text text:condition="ooow:" text:string-value="P5:L18" text:is-hidden="true"/><text:tab/><text:reference-mark-start text:name="paragraphnumber_3"/>(<text:sequence text:ref-name="refparagraphnumber2" text:name="paragraphnumber" text:formula="ooow:paragraphnumber+1" style:num-format="a">c</text:sequence>)<text:reference-mark-end text:name="paragraphnumber_3"/><text:tab/>any other entity established by or under any enactment (other than the <text:alphabetical-index-mark-start text:id="IMark293684388"/>Companies <text:hidden-text text:condition="ooow:" text:string-value="P5:L19" text:is-hidden="true"/>Acts<text:alphabetical-index-mark-end text:id="IMark293684388"/>), statutory instrument or charter or any scheme administered by a Minister <text:hidden-text text:condition="ooow:" text:string-value="P5:L20" text:is-hidden="true"/>of the Government,</text:p><text:p text:style-name="P14"><text:hidden-text text:condition="ooow:" text:string-value="P5:L21" text:is-hidden="true"/><text:tab/><text:reference-mark-start text:name="paragraphnumber_4"/>(<text:sequence text:ref-name="refparagraphnumber3" text:name="paragraphnumber" text:formula="ooow:paragraphnumber+1" style:num-format="a">d</text:sequence>)<text:reference-mark-end text:name="paragraphnumber_4"/><text:tab/>a company (within the meaning of the <text:alphabetical-index-mark-start text:id="IMark293684388"/>Companies Acts<text:alphabetical-index-mark-end text:id="IMark293684388"/>) a majority of the shares <text:hidden-text text:condition="ooow:" text:string-value="P5:L22" text:is-hidden="true"/>in which are held by or on behalf of a Minister of the Government,</text:p><text:p text:style-name="P14"><text:hidden-text text:condition="ooow:" text:string-value="P5:L23" text:is-hidden="true"/><text:tab/><text:reference-mark-start text:name="paragraphnumber_5"/>(<text:sequence text:ref-name="refparagraphnumber4" text:name="paragraphnumber" text:formula="ooow:paragraphnumber+1" style:num-format="a">e</text:sequence>)<text:reference-mark-end text:name="paragraphnumber_5"/><text:tab/>a subsidiary (within the meaning of the <text:alphabetical-index-mark-start text:id="IMark293684388"/>Companies Acts<text:alphabetical-index-mark-end text:id="IMark293684388"/>) of such a company,</text:p><text:p text:style-name="P14"><text:hidden-text text:condition="ooow:" text:string-value="P5:L24" text:is-hidden="true"/><text:tab/><text:reference-mark-start text:name="paragraphnumber_6"/>(<text:sequence text:ref-name="refparagraphnumber5" text:name="paragraphnumber" text:formula="ooow:paragraphnumber+1" style:num-format="a">f</text:sequence>)<text:reference-mark-end text:name="paragraphnumber_6"/><text:tab/>an entity established or appointed by the Government or a Minister of the <text:hidden-text text:condition="ooow:" text:string-value="P5:L25" text:is-hidden="true"/>Government,</text:p><text:p text:style-name="P14"><text:hidden-text text:condition="ooow:" text:string-value="P5:L26" text:is-hidden="true"/><text:tab/><text:reference-mark-start text:name="paragraphnumber_7"/>(<text:sequence text:ref-name="refparagraphnumber6" text:name="paragraphnumber" text:formula="ooow:paragraphnumber+1" style:num-format="a">g</text:sequence>)<text:reference-mark-end text:name="paragraphnumber_7"/><text:tab/>any entity (other than one within <text:span text:style-name="T3">paragraph</text:span> <text:span text:style-name="T3"><text:reference-ref text:reference-format="text" text:ref-name="paragraphnumber_2">(b)</text:reference-ref></text:span>) that is directly or indirectly <text:hidden-text text:condition="ooow:" text:string-value="P5:L27" text:is-hidden="true"/>controlled by an entity within any of <text:span text:style-name="T3">paragraphs</text:span> <text:span text:style-name="T3"><text:reference-ref text:reference-format="text" text:ref-name="paragraphnumber_6">(f)</text:reference-ref></text:span> to <text:span text:style-name="T3"><text:reference-ref text:reference-format="text" text:ref-name="paragraphnumber_5">(e)</text:reference-ref></text:span>,</text:p><text:p text:style-name="P14"><text:hidden-text text:condition="ooow:" text:string-value="P5:L28" text:is-hidden="true"/><text:tab/><text:reference-mark-start text:name="paragraphnumber_8"/>(<text:sequence text:ref-name="refparagraphnumber7" text:name="paragraphnumber" text:formula="ooow:paragraphnumber+1" style:num-format="a">h</text:sequence>)<text:reference-mark-end text:name="paragraphnumber_8"/><text:tab/>an entity on which any functions are conferred by or under any enactment (other <text:hidden-text text:condition="ooow:" text:string-value="P5:L29" text:is-hidden="true"/>than the <text:alphabetical-index-mark-start text:id="IMark293684388"/>Companies Acts<text:alphabetical-index-mark-end text:id="IMark293684388"/>), statutory instrument or charter, or</text:p><text:p text:style-name="P14"><text:hidden-text text:condition="ooow:" text:string-value="P5:L30" text:is-hidden="true"/><text:tab/><text:reference-mark-start text:name="paragraphnumber_18"/>(<text:sequence text:ref-name="refparagraphnumber8" text:name="paragraphnumber" text:formula="ooow:paragraphnumber+1" style:num-format="a">i</text:sequence>)<text:reference-mark-end text:name="paragraphnumber_18"/><text:tab/>an institution of higher education (within the meaning of the <text:alphabetical-index-mark text:string-value="Higher Education Authority Act 1971 (No. 22)"/><text:a xlink:type="simple" xlink:href="http://www.irishstatutebook.ie/eli/1971/act/22/enacted/en/html">Higher Education </text:a><text:a xlink:type="simple" xlink:href="http://www.irishstatutebook.ie/eli/1971/act/22/enacted/en/html"><text:hidden-text text:condition="ooow:" text:string-value="P5:L31" text:is-hidden="true"/></text:a><text:a xlink:type="simple" xlink:href="http://www.irishstatutebook.ie/eli/1971/act/22/enacted/en/html">Authority Act 1971</text:a>) in receipt of public funding;</text:p><text:p text:style-name="P19"><text:hidden-text text:condition="ooow:" text:string-value="P5:L32" text:is-hidden="true"/><text:tab/>“the Agency” means the River Shannon Management Agency created under this Act;</text:p><text:p text:style-name="section"><text:soft-page-break/><text:hidden-text text:condition="ooow:" text:string-value="P6:L1" text:is-hidden="true"/><text:tab/>“the Commissioners” means the Commissioners of Public Works in Ireland also known <text:hidden-text text:condition="ooow:" text:string-value="P6:L2" text:is-hidden="true"/>as the Office of Public Works (OPW);</text:p><text:p text:style-name="section"><text:hidden-text text:condition="ooow:" text:string-value="P6:L3" text:is-hidden="true"/><text:tab/>“the Minister” means the Minister for Finance.</text:p><text:p text:style-name="shouldernote"><text:hidden-text text:condition="ooow:" text:string-value="P6:L4" text:is-hidden="true"/><text:bookmark-start text:name="toc_book_2"/>Regulations<text:bookmark-end text:name="toc_book_2"/></text:p><text:p text:style-name="subsection"><text:hidden-text text:condition="ooow:" text:string-value="P6:L5" text:is-hidden="true"/><text:reference-mark-start text:name="sectionnumber_2"/><text:span text:style-name="T2"><text:sequence text:ref-name="refsectionnumber1" text:name="sectionnumber" text:formula="ooow:sectionnumber+1" style:num-format="1">2</text:sequence></text:span><text:reference-mark-end text:name="sectionnumber_2"/><text:span text:style-name="T2">.</text:span><text:tab/><text:reference-mark-start text:name="subsectionnumber_1"/>(<text:sequence text:ref-name="refsubsectionnumber0" text:name="subsectionnumber" style:num-format="1">1</text:sequence>)<text:reference-mark-end text:name="subsectionnumber_1"/><text:tab/>The Minister may by regulations provide for any matter referred to in this Act as <text:hidden-text text:condition="ooow:" text:string-value="P6:L6" text:is-hidden="true"/>prescribed or to be prescribed.</text:p><text:p text:style-name="subsection"><text:hidden-text text:condition="ooow:" text:string-value="P6:L7" text:is-hidden="true"/><text:tab/><text:reference-mark-start text:name="subsectionnumber_2"/>(<text:sequence text:ref-name="refsubsectionnumber1" text:name="subsectionnumber" text:formula="ooow:subsectionnumber+1" style:num-format="1">2</text:sequence>)<text:reference-mark-end text:name="subsectionnumber_2"/><text:tab/>Without prejudice to any provision of this Act, regulations under this section may <text:hidden-text text:condition="ooow:" text:string-value="P6:L8" text:is-hidden="true"/>contain such incidental, supplementary and consequential provisions as appear to the <text:hidden-text text:condition="ooow:" text:string-value="P6:L9" text:is-hidden="true"/>Minister to be necessary or expedient for the purposes of the regulations.</text:p><text:p text:style-name="subsection"><text:hidden-text text:condition="ooow:" text:string-value="P6:L10" text:is-hidden="true"/><text:tab/><text:reference-mark-start text:name="subsectionnumber_3"/>(<text:sequence text:ref-name="refsubsectionnumber2" text:name="subsectionnumber" text:formula="ooow:subsectionnumber+1" style:num-format="1">3</text:sequence>)<text:reference-mark-end text:name="subsectionnumber_3"/><text:tab/>Every regulation made by the Minister under this Act shall be laid before each House <text:hidden-text text:condition="ooow:" text:string-value="P6:L11" text:is-hidden="true"/>of the Oireachtas as soon as may be after it is made and, if a resolution annulling the <text:hidden-text text:condition="ooow:" text:string-value="P6:L12" text:is-hidden="true"/>regulation is passed by either such House within the next 21 days on which that <text:hidden-text text:condition="ooow:" text:string-value="P6:L13" text:is-hidden="true"/>House sits after the regulation is laid before it, the regulation shall be annulled <text:hidden-text text:condition="ooow:" text:string-value="P6:L14" text:is-hidden="true"/>accordingly, but without prejudice to the validity of anything previously done <text:hidden-text text:condition="ooow:" text:string-value="P6:L15" text:is-hidden="true"/>thereunder.</text:p><text:p text:style-name="shouldernote"><text:hidden-text text:condition="ooow:" text:string-value="P6:L16" text:is-hidden="true"/><text:bookmark-start text:name="toc_book_3"/>Establishment day<text:bookmark-end text:name="toc_book_3"/></text:p><text:p text:style-name="section"><text:hidden-text text:condition="ooow:" text:string-value="P6:L17" text:is-hidden="true"/><text:reference-mark-start text:name="sectionnumber_3"/><text:span text:style-name="T2"><text:sequence text:ref-name="refsectionnumber2" text:name="sectionnumber" text:formula="ooow:sectionnumber+1" style:num-format="1">3</text:sequence></text:span><text:reference-mark-end text:name="sectionnumber_3"/><text:span text:style-name="T2">.</text:span><text:tab/>The Minister shall by order appoint a day to be the establishment day for the purposes of <text:hidden-text text:condition="ooow:" text:string-value="P6:L18" text:is-hidden="true"/>this Act.</text:p><text:p text:style-name="shouldernote"><text:hidden-text text:condition="ooow:" text:string-value="P6:L19" text:is-hidden="true"/><text:bookmark-start text:name="toc_book_4"/>Establishment of the River Shannon Management Agency<text:bookmark-end text:name="toc_book_4"/></text:p><text:p text:style-name="section"><text:hidden-text text:condition="ooow:" text:string-value="P6:L20" text:is-hidden="true"/><text:reference-mark-start text:name="sectionnumber_4"/><text:span text:style-name="T2"><text:sequence text:ref-name="refsectionnumber3" text:name="sectionnumber" text:formula="ooow:sectionnumber+1" style:num-format="1">4</text:sequence></text:span><text:reference-mark-end text:name="sectionnumber_4"/><text:span text:style-name="T2">.</text:span><text:tab/>There shall stand established on the establishment day a body to be known as the River <text:hidden-text text:condition="ooow:" text:string-value="P6:L21" text:is-hidden="true"/>Shannon Management Agency within the Office of Public Works, to have overall <text:hidden-text text:condition="ooow:" text:string-value="P6:L22" text:is-hidden="true"/>responsibility for the assessment and management of flood risk and flood defences along <text:hidden-text text:condition="ooow:" text:string-value="P6:L23" text:is-hidden="true"/>the River Shannon and to perform the functions assigned to it under this Act.</text:p><text:p text:style-name="shouldernote"><text:hidden-text text:condition="ooow:" text:string-value="P6:L24" text:is-hidden="true"/><text:bookmark-start text:name="toc_book_5"/>Powers of the River Shannon Management Agency<text:bookmark-end text:name="toc_book_5"/></text:p><text:p text:style-name="section"><text:hidden-text text:condition="ooow:" text:string-value="P6:L25" text:is-hidden="true"/><text:reference-mark-start text:name="sectionnumber_5"/><text:span text:style-name="T2"><text:sequence text:ref-name="refsectionnumber4" text:name="sectionnumber" text:formula="ooow:sectionnumber+1" style:num-format="1">5</text:sequence></text:span><text:reference-mark-end text:name="sectionnumber_5"/><text:span text:style-name="T2">.</text:span><text:tab/>Without prejudice to the generality of <text:span text:style-name="T3">section</text:span> <text:span text:style-name="T3"><text:reference-ref text:reference-format="text" text:ref-name="sectionnumber_4">4</text:reference-ref></text:span> the Agency may⁠—</text:p><text:p text:style-name="paragraph"><text:hidden-text text:condition="ooow:" text:string-value="P6:L26" text:is-hidden="true"/><text:tab/><text:reference-mark-start text:name="paragraphnumber_19"/>(<text:sequence text:ref-name="refparagraphnumber9" text:name="paragraphnumber" text:formula="ooow:1" style:num-format="a">a</text:sequence>)<text:reference-mark-end text:name="paragraphnumber_19"/><text:tab/>undertake, construct and maintain all such drainage schemes and do all such <text:hidden-text text:condition="ooow:" text:string-value="P6:L27" text:is-hidden="true"/>things as are considered necessary for the or the purpose of preventing or <text:hidden-text text:condition="ooow:" text:string-value="P6:L28" text:is-hidden="true"/>substantially reducing the periodical flooding of lands along the River Shannon <text:hidden-text text:condition="ooow:" text:string-value="P6:L29" text:is-hidden="true"/>or of improving by drainage lands in the said area,</text:p><text:p text:style-name="paragraph"><text:hidden-text text:condition="ooow:" text:string-value="P6:L30" text:is-hidden="true"/><text:tab/><text:reference-mark-start text:name="paragraphnumber_20"/>(<text:sequence text:ref-name="refparagraphnumber10" text:name="paragraphnumber" text:formula="ooow:paragraphnumber+1" style:num-format="a">b</text:sequence>)<text:reference-mark-end text:name="paragraphnumber_20"/><text:tab/>cause such surveys, reports and plans to be made as may be necessary for the <text:hidden-text text:condition="ooow:" text:string-value="P6:L31" text:is-hidden="true"/>purposes of this Act,</text:p><text:p text:style-name="paragraph"><text:hidden-text text:condition="ooow:" text:string-value="P6:L32" text:is-hidden="true"/><text:tab/><text:reference-mark-start text:name="paragraphnumber_21"/>(<text:sequence text:ref-name="refparagraphnumber11" text:name="paragraphnumber" text:formula="ooow:paragraphnumber+1" style:num-format="a">c</text:sequence>)<text:reference-mark-end text:name="paragraphnumber_21"/><text:tab/>reconstruct any works interfered with under the powers of a drainage scheme, or <text:hidden-text text:condition="ooow:" text:string-value="P6:L33" text:is-hidden="true"/>construct new works in lieu thereof either in the same or a different place or <text:hidden-text text:condition="ooow:" text:string-value="P6:L34" text:is-hidden="true"/>position,</text:p><text:p text:style-name="paragraph"><text:hidden-text text:condition="ooow:" text:string-value="P6:L35" text:is-hidden="true"/><text:tab/><text:reference-mark-start text:name="paragraphnumber_22"/>(<text:sequence text:ref-name="refparagraphnumber12" text:name="paragraphnumber" text:formula="ooow:paragraphnumber+1" style:num-format="a">d</text:sequence>)<text:reference-mark-end text:name="paragraphnumber_22"/><text:tab/>execute such works and do all such other things as may be necessary for the <text:hidden-text text:condition="ooow:" text:string-value="P6:L36" text:is-hidden="true"/>purpose of the Agency’s functions under this Act.</text:p><text:p text:style-name="shouldernote"><text:soft-page-break/><text:hidden-text text:condition="ooow:" text:string-value="P7:L1" text:is-hidden="true"/><text:bookmark-start text:name="toc_book_6"/>Functions of the River Shannon Management Agency<text:bookmark-end text:name="toc_book_6"/></text:p><text:p text:style-name="subsection"><text:hidden-text text:condition="ooow:" text:string-value="P7:L2" text:is-hidden="true"/><text:reference-mark-start text:name="sectionnumber_6"/><text:span text:style-name="T2"><text:sequence text:ref-name="refsectionnumber5" text:name="sectionnumber" text:formula="ooow:sectionnumber+1" style:num-format="1">6</text:sequence></text:span><text:reference-mark-end text:name="sectionnumber_6"/><text:span text:style-name="T2">.</text:span><text:tab/><text:reference-mark-start text:name="subsectionnumber_8"/>(<text:sequence text:ref-name="refsubsectionnumber3" text:name="subsectionnumber" style:num-format="1">1</text:sequence>)<text:reference-mark-end text:name="subsectionnumber_8"/><text:tab/>The Agency shall co-ordinate the work of the key stakeholders involved in the <text:hidden-text text:condition="ooow:" text:string-value="P7:L3" text:is-hidden="true"/>management and maintenance of the River Shannon and in Flood Prevention efforts <text:hidden-text text:condition="ooow:" text:string-value="P7:L4" text:is-hidden="true"/>including the ESB, local authorities, the National Parks and Wildlife Services and <text:hidden-text text:condition="ooow:" text:string-value="P7:L5" text:is-hidden="true"/>other stakeholders to co-ordinate flood prevention.</text:p><text:p text:style-name="subsection"><text:hidden-text text:condition="ooow:" text:string-value="P7:L6" text:is-hidden="true"/><text:tab/><text:reference-mark-start text:name="subsectionnumber_9"/>(<text:sequence text:ref-name="refsubsectionnumber4" text:name="subsectionnumber" text:formula="ooow:subsectionnumber+1" style:num-format="1">2</text:sequence>)<text:reference-mark-end text:name="subsectionnumber_9"/><text:tab/>The Agency shall put in place mechanisms to ensure there is consultation and <text:hidden-text text:condition="ooow:" text:string-value="P7:L7" text:is-hidden="true"/>communication between the key stakeholders involved in the management and <text:hidden-text text:condition="ooow:" text:string-value="P7:L8" text:is-hidden="true"/>maintenance of the River Shannon and in flood prevention efforts.</text:p><text:p text:style-name="subsection"><text:hidden-text text:condition="ooow:" text:string-value="P7:L9" text:is-hidden="true"/><text:tab/><text:reference-mark-start text:name="subsectionnumber_10"/>(<text:sequence text:ref-name="refsubsectionnumber5" text:name="subsectionnumber" text:formula="ooow:subsectionnumber+1" style:num-format="1">3</text:sequence>)<text:reference-mark-end text:name="subsectionnumber_10"/><text:tab/>The functions conferred on the Commissioners in respect of the River Shannon under <text:hidden-text text:condition="ooow:" text:string-value="P7:L10" text:is-hidden="true"/>the following enactments are hereby transferred to, and vested in, the Agency and any <text:hidden-text text:condition="ooow:" text:string-value="P7:L11" text:is-hidden="true"/>reference in any relevant provision of those Acts to the Commissioners, or construed <text:hidden-text text:condition="ooow:" text:string-value="P7:L12" text:is-hidden="true"/>to be a reference to the Commissioners, shall be deemed to be a reference to the <text:hidden-text text:condition="ooow:" text:string-value="P7:L13" text:is-hidden="true"/>Agency except that any powers under those enactments to make regulations or to <text:hidden-text text:condition="ooow:" text:string-value="P7:L14" text:is-hidden="true"/>prescribe any matter shall remain with the Minister:</text:p><text:p text:style-name="paragraph"><text:hidden-text text:condition="ooow:" text:string-value="P7:L15" text:is-hidden="true"/><text:tab/><text:reference-mark-start text:name="paragraphnumber_23"/>(<text:sequence text:ref-name="refparagraphnumber13" text:name="paragraphnumber" text:formula="ooow:1" style:num-format="a">a</text:sequence>)<text:reference-mark-end text:name="paragraphnumber_23"/><text:tab/>the <text:alphabetical-index-mark text:string-value="Arterial Drainage Act 1945 (No. 3)"/><text:a xlink:type="simple" xlink:href="http://www.irishstatutebook.ie/eli/1945/act/3/enacted/en/html">Arterial Drainage Act 1945</text:a>;</text:p><text:p text:style-name="paragraph"><text:hidden-text text:condition="ooow:" text:string-value="P7:L16" text:is-hidden="true"/><text:tab/><text:reference-mark-start text:name="paragraphnumber_24"/>(<text:sequence text:ref-name="refparagraphnumber14" text:name="paragraphnumber" text:formula="ooow:paragraphnumber+1" style:num-format="a">b</text:sequence>)<text:reference-mark-end text:name="paragraphnumber_24"/><text:tab/>the <text:alphabetical-index-mark text:string-value="Coast Protection Act 1963 (No. 12)"/><text:a xlink:type="simple" xlink:href="http://www.irishstatutebook.ie/eli/1963/act/12/enacted/en/html">Coast Protection Act 1963</text:a>;</text:p><text:p text:style-name="paragraph"><text:hidden-text text:condition="ooow:" text:string-value="P7:L17" text:is-hidden="true"/><text:a xlink:type="simple" xlink:href="http://www.irishstatutebook.ie/1995/en/act/pub/0014/index.html"><text:tab/></text:a><text:reference-mark-start text:name="paragraphnumber_25"/><text:a xlink:type="simple" xlink:href="http://www.irishstatutebook.ie/1995/en/act/pub/0014/index.html">(</text:a><text:a xlink:type="simple" xlink:href="http://www.irishstatutebook.ie/1995/en/act/pub/0014/index.html"><text:sequence text:ref-name="refparagraphnumber15" text:name="paragraphnumber" text:formula="ooow:paragraphnumber+1" style:num-format="a">c</text:sequence></text:a><text:a xlink:type="simple" xlink:href="http://www.irishstatutebook.ie/1995/en/act/pub/0014/index.html">)</text:a><text:reference-mark-end text:name="paragraphnumber_25"/><text:a xlink:type="simple" xlink:href="http://www.irishstatutebook.ie/1995/en/act/pub/0014/index.html"><text:tab/>the </text:a><text:alphabetical-index-mark text:string-value="Arterial Drainage (Amendment) Act 1995 (No. 14)"/><text:a xlink:type="simple" xlink:href="http://www.irishstatutebook.ie/1995/en/act/pub/0014/index.html">Arterial Drainage (Amendment) Act 1995</text:a><text:a xlink:type="simple" xlink:href="http://www.irishstatutebook.ie/1995/en/act/pub/0014/index.html">.</text:a></text:p><text:p text:style-name="subsection"><text:hidden-text text:condition="ooow:" text:string-value="P7:L18" text:is-hidden="true"/><text:tab/><text:reference-mark-start text:name="subsectionnumber_11"/>(<text:sequence text:ref-name="refsubsectionnumber6" text:name="subsectionnumber" text:formula="ooow:subsectionnumber+1" style:num-format="1">4</text:sequence>)<text:reference-mark-end text:name="subsectionnumber_11"/><text:tab/>The Minister may confer on the Agency, by order, such additional functions connected <text:hidden-text text:condition="ooow:" text:string-value="P7:L19" text:is-hidden="true"/>with the functions for the time being of the Agency as he or she thinks necessary for <text:hidden-text text:condition="ooow:" text:string-value="P7:L20" text:is-hidden="true"/>the achievement of its purposes, subject to such conditions as may be specified in the <text:hidden-text text:condition="ooow:" text:string-value="P7:L21" text:is-hidden="true"/>order.</text:p><text:p text:style-name="subsection"><text:hidden-text text:condition="ooow:" text:string-value="P7:L22" text:is-hidden="true"/><text:tab/><text:reference-mark-start text:name="subsectionnumber_12"/>(<text:sequence text:ref-name="refsubsectionnumber7" text:name="subsectionnumber" text:formula="ooow:subsectionnumber+1" style:num-format="1">5</text:sequence>)<text:reference-mark-end text:name="subsectionnumber_12"/><text:tab/>An order under this section may contain such incidental, supplemental and <text:hidden-text text:condition="ooow:" text:string-value="P7:L23" text:is-hidden="true"/>consequential provisions as are, in the opinion of the Minister, necessary to give full <text:hidden-text text:condition="ooow:" text:string-value="P7:L24" text:is-hidden="true"/>effect to the order.</text:p><text:p text:style-name="subsection"><text:hidden-text text:condition="ooow:" text:string-value="P7:L25" text:is-hidden="true"/><text:tab/><text:reference-mark-start text:name="subsectionnumber_13"/>(<text:sequence text:ref-name="refsubsectionnumber8" text:name="subsectionnumber" text:formula="ooow:subsectionnumber+1" style:num-format="1">6</text:sequence>)<text:reference-mark-end text:name="subsectionnumber_13"/><text:tab/>An order under <text:span text:style-name="T3">subsection</text:span> <text:span text:style-name="T3"><text:reference-ref text:reference-format="text" text:ref-name="subsectionnumber_10">(3)</text:reference-ref></text:span> shall be laid before each House of the Oireachtas as <text:hidden-text text:condition="ooow:" text:string-value="P7:L26" text:is-hidden="true"/>soon as may be after it is made and, if a resolution annulling the order is passed by <text:hidden-text text:condition="ooow:" text:string-value="P7:L27" text:is-hidden="true"/>either such House within the next 21 days on which that House has sat after the order <text:hidden-text text:condition="ooow:" text:string-value="P7:L28" text:is-hidden="true"/>is laid before it, the order shall be annulled accordingly, but without prejudice to the <text:hidden-text text:condition="ooow:" text:string-value="P7:L29" text:is-hidden="true"/>validity of anything previously done thereunder.</text:p><text:p text:style-name="shouldernote"><text:hidden-text text:condition="ooow:" text:string-value="P7:L30" text:is-hidden="true"/><text:bookmark-start text:name="toc_book_7"/>Strategic Plan for management of the River Shannon<text:bookmark-end text:name="toc_book_7"/></text:p><text:p text:style-name="subsection"><text:hidden-text text:condition="ooow:" text:string-value="P7:L31" text:is-hidden="true"/><text:reference-mark-start text:name="sectionnumber_7"/><text:span text:style-name="T2"><text:sequence text:ref-name="refsectionnumber6" text:name="sectionnumber" text:formula="ooow:sectionnumber+1" style:num-format="1">7</text:sequence></text:span><text:reference-mark-end text:name="sectionnumber_7"/><text:span text:style-name="T2">.</text:span><text:tab/><text:reference-mark-start text:name="subsectionnumber_14"/>(<text:sequence text:ref-name="refsubsectionnumber9" text:name="subsectionnumber" style:num-format="1">1</text:sequence>)<text:reference-mark-end text:name="subsectionnumber_14"/><text:tab/>The Agency shall within three months of its establishment, following consultation <text:hidden-text text:condition="ooow:" text:string-value="P7:L32" text:is-hidden="true"/>with relevant stakeholders provide the Minister with a Strategic Plan for Flood <text:hidden-text text:condition="ooow:" text:string-value="P7:L33" text:is-hidden="true"/>Prevention in the River Shannon.</text:p><text:p text:style-name="subsection"><text:hidden-text text:condition="ooow:" text:string-value="P7:L34" text:is-hidden="true"/><text:tab/><text:reference-mark-start text:name="subsectionnumber_15"/>(<text:sequence text:ref-name="refsubsectionnumber10" text:name="subsectionnumber" text:formula="ooow:subsectionnumber+1" style:num-format="1">2</text:sequence>)<text:reference-mark-end text:name="subsectionnumber_15"/><text:tab/>The strategic plan shall be laid before both Houses of the Oireachtas not later than 28 <text:hidden-text text:condition="ooow:" text:string-value="P7:L35" text:is-hidden="true"/>days after it has been received by the Minister.</text:p><text:p text:style-name="shouldernote"><text:hidden-text text:condition="ooow:" text:string-value="P7:L36" text:is-hidden="true"/><text:bookmark-start text:name="toc_book_8"/>Agreements between Agency and public bodies concerning performance of functions<text:bookmark-end text:name="toc_book_8"/></text:p><text:p text:style-name="subsection"><text:hidden-text text:condition="ooow:" text:string-value="P7:L37" text:is-hidden="true"/><text:reference-mark-start text:name="sectionnumber_8"/><text:span text:style-name="T2"><text:sequence text:ref-name="refsectionnumber7" text:name="sectionnumber" text:formula="ooow:sectionnumber+1" style:num-format="1">8</text:sequence></text:span><text:reference-mark-end text:name="sectionnumber_8"/><text:span text:style-name="T2">.</text:span><text:tab/><text:reference-mark-start text:name="subsectionnumber_16"/>(<text:sequence text:ref-name="refsubsectionnumber11" text:name="subsectionnumber" style:num-format="1">1</text:sequence>)<text:reference-mark-end text:name="subsectionnumber_16"/><text:tab/>If any function of a public body should, in its opinion, be performed (whether <text:hidden-text text:condition="ooow:" text:string-value="P7:L38" text:is-hidden="true"/>generally or in a particular case) by the Agency and the Agency is able and willing to <text:hidden-text text:condition="ooow:" text:string-value="P7:L39" text:is-hidden="true"/>perform the function, the Agency and the public body may enter into an agreement for <text:hidden-text text:condition="ooow:" text:string-value="P7:L40" text:is-hidden="true"/>the Agency to perform the function on the public body’s behalf.</text:p><text:p text:style-name="subsection"><text:soft-page-break/><text:hidden-text text:condition="ooow:" text:string-value="P8:L1" text:is-hidden="true"/><text:tab/><text:reference-mark-start text:name="subsectionnumber_17"/>(<text:sequence text:ref-name="refsubsectionnumber12" text:name="subsectionnumber" text:formula="ooow:subsectionnumber+1" style:num-format="1">2</text:sequence>)<text:reference-mark-end text:name="subsectionnumber_17"/><text:tab/>If an agreement is entered into for the Agency to perform a function of a public body, <text:hidden-text text:condition="ooow:" text:string-value="P8:L2" text:is-hidden="true"/>the Agency may⁠—</text:p><text:p text:style-name="paragraph"><text:hidden-text text:condition="ooow:" text:string-value="P8:L3" text:is-hidden="true"/><text:tab/><text:reference-mark-start text:name="paragraphnumber_9"/>(<text:sequence text:ref-name="refparagraphnumber16" text:name="paragraphnumber" text:formula="ooow:1" style:num-format="a">a</text:sequence>)<text:reference-mark-end text:name="paragraphnumber_9"/><text:tab/>perform the function on behalf of the public body in accordance with the <text:hidden-text text:condition="ooow:" text:string-value="P8:L4" text:is-hidden="true"/>agreement, and</text:p><text:p text:style-name="paragraph"><text:hidden-text text:condition="ooow:" text:string-value="P8:L5" text:is-hidden="true"/><text:tab/><text:reference-mark-start text:name="paragraphnumber_10"/>(<text:sequence text:ref-name="refparagraphnumber17" text:name="paragraphnumber" text:formula="ooow:paragraphnumber+1" style:num-format="a">b</text:sequence>)<text:reference-mark-end text:name="paragraphnumber_10"/><text:tab/>do any act or thing relating to the performance of that function that the public <text:hidden-text text:condition="ooow:" text:string-value="P8:L6" text:is-hidden="true"/>body would be authorised by law to do if it performed the function.</text:p><text:p text:style-name="subsection"><text:hidden-text text:condition="ooow:" text:string-value="P8:L7" text:is-hidden="true"/><text:tab/><text:reference-mark-start text:name="subsectionnumber_18"/>(<text:sequence text:ref-name="refsubsectionnumber13" text:name="subsectionnumber" text:formula="ooow:subsectionnumber+1" style:num-format="1">3</text:sequence>)<text:reference-mark-end text:name="subsectionnumber_18"/><text:tab/>If any function of the Agency should, in its opinion be performed (whether generally <text:hidden-text text:condition="ooow:" text:string-value="P8:L8" text:is-hidden="true"/>or in a particular case) by a public body and that body is able and willing to perform <text:hidden-text text:condition="ooow:" text:string-value="P8:L9" text:is-hidden="true"/>the function, the public body and the Agency may enter into an agreement for the <text:hidden-text text:condition="ooow:" text:string-value="P8:L10" text:is-hidden="true"/>public body to perform the function on the Agency’s behalf.</text:p><text:p text:style-name="subsection"><text:hidden-text text:condition="ooow:" text:string-value="P8:L11" text:is-hidden="true"/><text:tab/><text:reference-mark-start text:name="subsectionnumber_19"/>(<text:sequence text:ref-name="refsubsectionnumber14" text:name="subsectionnumber" text:formula="ooow:subsectionnumber+1" style:num-format="1">4</text:sequence>)<text:reference-mark-end text:name="subsectionnumber_19"/><text:tab/>If an agreement is entered into for a public body to perform a function of the Agency, <text:hidden-text text:condition="ooow:" text:string-value="P8:L12" text:is-hidden="true"/>the public body may⁠—</text:p><text:p text:style-name="paragraph"><text:hidden-text text:condition="ooow:" text:string-value="P8:L13" text:is-hidden="true"/><text:tab/><text:reference-mark-start text:name="paragraphnumber_11"/>(<text:sequence text:ref-name="refparagraphnumber18" text:name="paragraphnumber" text:formula="ooow:1" style:num-format="a">a</text:sequence>)<text:reference-mark-end text:name="paragraphnumber_11"/><text:tab/>perform the function on the Agency’s behalf in accordance with the agreement, <text:hidden-text text:condition="ooow:" text:string-value="P8:L14" text:is-hidden="true"/>and</text:p><text:p text:style-name="paragraph"><text:hidden-text text:condition="ooow:" text:string-value="P8:L15" text:is-hidden="true"/><text:tab/><text:reference-mark-start text:name="paragraphnumber_12"/>(<text:sequence text:ref-name="refparagraphnumber19" text:name="paragraphnumber" text:formula="ooow:paragraphnumber+1" style:num-format="a">b</text:sequence>)<text:reference-mark-end text:name="paragraphnumber_12"/><text:tab/>do any act or thing relating to the performance of that function that the Agency <text:hidden-text text:condition="ooow:" text:string-value="P8:L16" text:is-hidden="true"/>would be authorised by law to do if it performed the function.</text:p><text:p text:style-name="subsection"><text:hidden-text text:condition="ooow:" text:string-value="P8:L17" text:is-hidden="true"/><text:tab/><text:reference-mark-start text:name="subsectionnumber_20"/>(<text:sequence text:ref-name="refsubsectionnumber15" text:name="subsectionnumber" text:formula="ooow:subsectionnumber+1" style:num-format="1">5</text:sequence>)<text:reference-mark-end text:name="subsectionnumber_20"/><text:tab/>An agreement under this section may contain terms and conditions relating to⁠—</text:p><text:p text:style-name="paragraph"><text:hidden-text text:condition="ooow:" text:string-value="P8:L18" text:is-hidden="true"/><text:tab/><text:reference-mark-start text:name="paragraphnumber_13"/>(<text:sequence text:ref-name="refparagraphnumber20" text:name="paragraphnumber" text:formula="ooow:1" style:num-format="a">a</text:sequence>)<text:reference-mark-end text:name="paragraphnumber_13"/><text:tab/>the extent to which and the period for which a party to the agreement is <text:hidden-text text:condition="ooow:" text:string-value="P8:L19" text:is-hidden="true"/>authorised to perform the function of that other party to the agreement,</text:p><text:p text:style-name="paragraph"><text:hidden-text text:condition="ooow:" text:string-value="P8:L20" text:is-hidden="true"/><text:tab/><text:reference-mark-start text:name="paragraphnumber_14"/>(<text:sequence text:ref-name="refparagraphnumber21" text:name="paragraphnumber" text:formula="ooow:paragraphnumber+1" style:num-format="a">b</text:sequence>)<text:reference-mark-end text:name="paragraphnumber_14"/><text:tab/>the making of payments or the transfer of financial responsibility, and</text:p><text:p text:style-name="paragraph"><text:hidden-text text:condition="ooow:" text:string-value="P8:L21" text:is-hidden="true"/><text:tab/><text:reference-mark-start text:name="paragraphnumber_15"/>(<text:sequence text:ref-name="refparagraphnumber22" text:name="paragraphnumber" text:formula="ooow:paragraphnumber+1" style:num-format="a">c</text:sequence>)<text:reference-mark-end text:name="paragraphnumber_15"/><text:tab/>such other matters as are considered necessary to give effect to the agreement.</text:p><text:p text:style-name="subsection"><text:hidden-text text:condition="ooow:" text:string-value="P8:L22" text:is-hidden="true"/><text:tab/><text:reference-mark-start text:name="subsectionnumber_21"/>(<text:sequence text:ref-name="refsubsectionnumber16" text:name="subsectionnumber" text:formula="ooow:subsectionnumber+1" style:num-format="1">6</text:sequence>)<text:reference-mark-end text:name="subsectionnumber_21"/><text:tab/>An agreement under this section may provide for charges payable by the party on <text:hidden-text text:condition="ooow:" text:string-value="P8:L23" text:is-hidden="true"/>whose behalf the function is to be performed to the other party to the agreement.</text:p><text:p text:style-name="subsection"><text:hidden-text text:condition="ooow:" text:string-value="P8:L24" text:is-hidden="true"/><text:tab/><text:reference-mark-start text:name="subsectionnumber_22"/>(<text:sequence text:ref-name="refsubsectionnumber17" text:name="subsectionnumber" text:formula="ooow:subsectionnumber+1" style:num-format="1">7</text:sequence>)<text:reference-mark-end text:name="subsectionnumber_22"/><text:tab/>The power of a local authority to enter into an agreement under this section is a <text:hidden-text text:condition="ooow:" text:string-value="P8:L25" text:is-hidden="true"/>reserved function within the meaning of section 131 of the <text:alphabetical-index-mark text:string-value="Local Government Act 2001 (No. 37)"/><text:a xlink:type="simple" xlink:href="http://www.irishstatutebook.ie/2001/en/act/pub/0037/index.html">Local Government Act </text:a><text:a xlink:type="simple" xlink:href="http://www.irishstatutebook.ie/2001/en/act/pub/0037/index.html"><text:hidden-text text:condition="ooow:" text:string-value="P8:L26" text:is-hidden="true"/></text:a><text:a xlink:type="simple" xlink:href="http://www.irishstatutebook.ie/2001/en/act/pub/0037/index.html">2001</text:a>, of a local authority.</text:p><text:p text:style-name="shouldernote"><text:hidden-text text:condition="ooow:" text:string-value="P8:L27" text:is-hidden="true"/><text:bookmark-start text:name="toc_book_9"/>Informal arrangements between Agency and public bodies concerning performance of <text:hidden-text text:condition="ooow:" text:string-value="P8:L28" text:is-hidden="true"/>functions<text:bookmark-end text:name="toc_book_9"/></text:p><text:p text:style-name="subsection"><text:hidden-text text:condition="ooow:" text:string-value="P8:L29" text:is-hidden="true"/><text:reference-mark-start text:name="sectionnumber_9"/><text:span text:style-name="T2"><text:sequence text:ref-name="refsectionnumber8" text:name="sectionnumber" text:formula="ooow:sectionnumber+1" style:num-format="1">9</text:sequence></text:span><text:reference-mark-end text:name="sectionnumber_9"/><text:span text:style-name="T2">.</text:span><text:tab/><text:reference-mark-start text:name="subsectionnumber_23"/>(<text:sequence text:ref-name="refsubsectionnumber18" text:name="subsectionnumber" style:num-format="1">1</text:sequence>)<text:reference-mark-end text:name="subsectionnumber_23"/><text:tab/>If a public body is of the opinion that it would be convenient for duties relating to its <text:hidden-text text:condition="ooow:" text:string-value="P8:L30" text:is-hidden="true"/>functions to be carried out by an employee of the Agency, those duties may, without <text:hidden-text text:condition="ooow:" text:string-value="P8:L31" text:is-hidden="true"/>an agreement being entered into under <text:span text:style-name="T3">section</text:span> <text:span text:style-name="T3"><text:reference-ref text:reference-format="text" text:ref-name="sectionnumber_8">8</text:reference-ref></text:span>, be assigned by the Agency to any of <text:hidden-text text:condition="ooow:" text:string-value="P8:L32" text:is-hidden="true"/>its employees in the same way as duties relating to its functions.</text:p><text:p text:style-name="subsection"><text:hidden-text text:condition="ooow:" text:string-value="P8:L33" text:is-hidden="true"/><text:tab/><text:reference-mark-start text:name="subsectionnumber_24"/>(<text:sequence text:ref-name="refsubsectionnumber19" text:name="subsectionnumber" text:formula="ooow:subsectionnumber+1" style:num-format="1">2</text:sequence>)<text:reference-mark-end text:name="subsectionnumber_24"/><text:tab/>If the Agency is of the opinion that it would be convenient for duties relating to its <text:hidden-text text:condition="ooow:" text:string-value="P8:L34" text:is-hidden="true"/>functions to be carried out by an employee of a public body, those duties may, without <text:hidden-text text:condition="ooow:" text:string-value="P8:L35" text:is-hidden="true"/>an agreement being entered into under <text:span text:style-name="T3">section</text:span> <text:span text:style-name="T3"><text:reference-ref text:reference-format="text" text:ref-name="sectionnumber_8">8</text:reference-ref></text:span>, be assigned by the public body to <text:hidden-text text:condition="ooow:" text:string-value="P8:L36" text:is-hidden="true"/>any of its employees in the same way as duties relating to the functions of the public <text:hidden-text text:condition="ooow:" text:string-value="P8:L37" text:is-hidden="true"/>body.</text:p><text:p text:style-name="subsection"><text:hidden-text text:condition="ooow:" text:string-value="P8:L38" text:is-hidden="true"/><text:tab/><text:reference-mark-start text:name="subsectionnumber_25"/>(<text:sequence text:ref-name="refsubsectionnumber20" text:name="subsectionnumber" text:formula="ooow:subsectionnumber+1" style:num-format="1">3</text:sequence>)<text:reference-mark-end text:name="subsectionnumber_25"/><text:tab/>Duties assigned in accordance with this section shall be carried out by the employees <text:hidden-text text:condition="ooow:" text:string-value="P8:L39" text:is-hidden="true"/>to whom they are so assigned.</text:p><text:p text:style-name="shouldernote"><text:soft-page-break/><text:hidden-text text:condition="ooow:" text:string-value="P9:L1" text:is-hidden="true"/><text:bookmark-start text:name="toc_book_10"/>Minister’s power to issue guidelines to the River Shannon Management Agency<text:bookmark-end text:name="toc_book_10"/></text:p><text:p text:style-name="subsection"><text:hidden-text text:condition="ooow:" text:string-value="P9:L2" text:is-hidden="true"/><text:reference-mark-start text:name="sectionnumber_10"/><text:span text:style-name="T2"><text:sequence text:ref-name="refsectionnumber9" text:name="sectionnumber" text:formula="ooow:sectionnumber+1" style:num-format="1">10</text:sequence></text:span><text:reference-mark-end text:name="sectionnumber_10"/><text:span text:style-name="T2">.</text:span><text:tab/><text:reference-mark-start text:name="subsectionnumber_26"/>(<text:sequence text:ref-name="refsubsectionnumber21" text:name="subsectionnumber" style:num-format="1">1</text:sequence>)<text:reference-mark-end text:name="subsectionnumber_26"/><text:tab/>The Minister may issue guidelines in writing to Agency for the purposes of this Act.</text:p><text:p text:style-name="subsection"><text:hidden-text text:condition="ooow:" text:string-value="P9:L3" text:is-hidden="true"/><text:tab/><text:reference-mark-start text:name="subsectionnumber_27"/>(<text:sequence text:ref-name="refsubsectionnumber22" text:name="subsectionnumber" text:formula="ooow:subsectionnumber+1" style:num-format="1">2</text:sequence>)<text:reference-mark-end text:name="subsectionnumber_27"/><text:tab/>In performing its functions under this Act, the Agency shall have regard to any <text:hidden-text text:condition="ooow:" text:string-value="P9:L4" text:is-hidden="true"/>guidelines issued by the Minister under this section.</text:p><text:p text:style-name="subsection"><text:hidden-text text:condition="ooow:" text:string-value="P9:L5" text:is-hidden="true"/><text:tab/><text:reference-mark-start text:name="subsectionnumber_28"/>(<text:sequence text:ref-name="refsubsectionnumber23" text:name="subsectionnumber" text:formula="ooow:subsectionnumber+1" style:num-format="1">3</text:sequence>)<text:reference-mark-end text:name="subsectionnumber_28"/><text:tab/>As soon as practicable after issuing guidelines, the Minister⁠—</text:p><text:p text:style-name="paragraph"><text:hidden-text text:condition="ooow:" text:string-value="P9:L6" text:is-hidden="true"/><text:tab/><text:reference-mark-start text:name="paragraphnumber_16"/>(<text:sequence text:ref-name="refparagraphnumber23" text:name="paragraphnumber" text:formula="ooow:1" style:num-format="a">a</text:sequence>)<text:reference-mark-end text:name="paragraphnumber_16"/><text:tab/>shall cause the guidelines to be published in <text:span text:style-name="T4">Iris Oifigiúil</text:span>, and</text:p><text:p text:style-name="paragraph"><text:hidden-text text:condition="ooow:" text:string-value="P9:L7" text:is-hidden="true"/><text:tab/><text:reference-mark-start text:name="paragraphnumber_17"/>(<text:sequence text:ref-name="refparagraphnumber24" text:name="paragraphnumber" text:formula="ooow:paragraphnumber+1" style:num-format="a">b</text:sequence>)<text:reference-mark-end text:name="paragraphnumber_17"/><text:tab/>shall lay a copy of the guidelines before each House of the Oireachtas.</text:p><text:p text:style-name="shouldernote"><text:hidden-text text:condition="ooow:" text:string-value="P9:L8" text:is-hidden="true"/><text:bookmark-start text:name="toc_book_11"/>Accountability<text:bookmark-end text:name="toc_book_11"/></text:p><text:p text:style-name="section"><text:hidden-text text:condition="ooow:" text:string-value="P9:L9" text:is-hidden="true"/><text:reference-mark-start text:name="sectionnumber_11"/><text:span text:style-name="T2"><text:sequence text:ref-name="refsectionnumber10" text:name="sectionnumber" text:formula="ooow:sectionnumber+1" style:num-format="1">11</text:sequence></text:span><text:reference-mark-end text:name="sectionnumber_11"/><text:span text:style-name="T2">.</text:span><text:tab/>The Agency shall provide the Minister with an annual report of its work every year on <text:hidden-text text:condition="ooow:" text:string-value="P9:L10" text:is-hidden="true"/>the date of establishment day which report shall be laid before both Houses of the <text:hidden-text text:condition="ooow:" text:string-value="P9:L11" text:is-hidden="true"/>Oireachtas not later than 28 days after it has been received by the Minister.</text:p><text:p text:style-name="shouldernote"><text:hidden-text text:condition="ooow:" text:string-value="P9:L12" text:is-hidden="true"/><text:bookmark-start text:name="toc_book_12"/>Short title and commencement<text:bookmark-end text:name="toc_book_12"/></text:p><text:p text:style-name="subsection"><text:hidden-text text:condition="ooow:" text:string-value="P9:L13" text:is-hidden="true"/><text:reference-mark-start text:name="sectionnumber_12"/><text:span text:style-name="T2"><text:sequence text:ref-name="refsectionnumber11" text:name="sectionnumber" text:formula="ooow:sectionnumber+1" style:num-format="1">12</text:sequence></text:span><text:reference-mark-end text:name="sectionnumber_12"/><text:span text:style-name="T2">.</text:span><text:tab/><text:reference-mark-start text:name="subsectionnumber_30"/>(<text:sequence text:ref-name="refsubsectionnumber24" text:name="subsectionnumber" style:num-format="1">1</text:sequence>)<text:reference-mark-end text:name="subsectionnumber_30"/><text:tab/>This Act may be cited as the River Shannon Management Agency Act 2016.</text:p><text:p text:style-name="subsection"><text:hidden-text text:condition="ooow:" text:string-value="P9:L14" text:is-hidden="true"/><text:tab/><text:reference-mark-start text:name="subsectionnumber_31"/>(<text:sequence text:ref-name="refsubsectionnumber25" text:name="subsectionnumber" text:formula="ooow:subsectionnumber+1" style:num-format="1">2</text:sequence>)<text:reference-mark-end text:name="subsectionnumber_31"/><text:tab/>This Act comes into operation on such day or days as the Minister may appoint by <text:hidden-text text:condition="ooow:" text:string-value="P9:L15" text:is-hidden="true"/>order or orders.</text:p><table:table table:name="Table1" table:style-name="Table1"><table:table-column table:style-name="Table1.A"/><table:table-column table:style-name="Table1.B"/><table:table-row><table:table-cell table:style-name="Table1.A1" office:value-type="string"><text:p text:style-name="P27"><text:hidden-text text:condition="ooow:" text:string-value="P10:L1" text:is-hidden="true"/>An Bille um Ghníomhaireacht Bainistíochta <text:hidden-text text:condition="ooow:" text:string-value="P10:L2" text:is-hidden="true"/>Abhainn na Sionainne, 2016</text:p><text:p text:style-name="P24"><text:hidden-text text:condition="ooow:" text:string-value="P10:L3" text:is-hidden="true"/><text:span text:style-name="bold_5f_noitalic_5f_nounderline"><text:span text:style-name="T6"> </text:span></text:span></text:p><text:p text:style-name="P29"><text:hidden-text text:condition="ooow:" text:string-value="P10:L4" text:is-hidden="true"/> <text:s text:c="22"/></text:p><text:p text:style-name="P26"><text:hidden-text text:condition="ooow:" text:string-value="P10:L5" text:is-hidden="true"/>BILLE</text:p><text:p text:style-name="P31"><text:hidden-text text:condition="ooow:" text:string-value="P10:L6" text:is-hidden="true"/>(mar a tionscnaíodh)</text:p><text:p text:style-name="P31"><text:hidden-text text:condition="ooow:" text:string-value="P10:L7" text:is-hidden="true"/>d<text:span text:style-name="T9">á ngairtear</text:span></text:p><text:p text:style-name="P24"><text:hidden-text text:condition="ooow:" text:string-value="P10:L8" text:is-hidden="true"/> </text:p><text:p text:style-name="backpageprovision_5f_no_5f_line_5f_numbering"><text:hidden-text text:condition="ooow:" text:string-value="P10:L9" text:is-hidden="true"/><text:span text:style-name="T10">Acht do bhunú údarás inniúil aonair chun priacail </text:span><text:span text:style-name="T10"><text:hidden-text text:condition="ooow:" text:string-value="P10:L10" text:is-hidden="true"/></text:span><text:span text:style-name="T10">tuile a chomhordú agus a bhainistiú feadh </text:span><text:span text:style-name="T10"><text:hidden-text text:condition="ooow:" text:string-value="P10:L11" text:is-hidden="true"/></text:span><text:span text:style-name="T10">Abhainn na Sionainne agus do dhéanamh socrú </text:span><text:span text:style-name="T10"><text:hidden-text text:condition="ooow:" text:string-value="P10:L12" text:is-hidden="true"/></text:span><text:span text:style-name="T10">i dtaobh nithe a bhaineann leis an méid sin.</text:span><text:span text:style-name="bold_5f_noitalic_5f_nounderline"><text:span text:style-name="T8"><text:line-break/></text:span></text:span><text:span text:style-name="bold_5f_noitalic_5f_nounderline"><text:span text:style-name="T8"><text:hidden-text text:condition="ooow:" text:string-value="P10:L13" text:is-hidden="true"/></text:span></text:span></text:p><text:p text:style-name="P29"><text:hidden-text text:condition="ooow:" text:string-value="P10:L14" text:is-hidden="true"/> </text:p><text:p text:style-name="P23"><text:hidden-text text:condition="ooow:" text:string-value="P10:L15" text:is-hidden="true"/>Na Teachtaí Gearóid MacÁdhaimh agus Brian <text:hidden-text text:condition="ooow:" text:string-value="P10:L16" text:is-hidden="true"/>Stanley a thug isteach,</text:p><text:p text:style-name="P22"><text:hidden-text text:condition="ooow:" text:string-value="P10:L17" text:is-hidden="true"/>13 <text:span text:style-name="T4">Eanáir,</text:span> 2016</text:p><text:p text:style-name="P30"><text:hidden-text text:condition="ooow:" text:string-value="P10:L18" text:is-hidden="true"/> </text:p><text:p text:style-name="P25"><text:hidden-text text:condition="ooow:" text:string-value="P10:L19" text:is-hidden="true"/> </text:p></table:table-cell><table:table-cell table:style-name="Table1.B1" office:value-type="string"><text:p text:style-name="P27">River Shannon Management Agency Bill 2016</text:p><text:p text:style-name="P24"><text:span text:style-name="bold_5f_noitalic_5f_nounderline"><text:span text:style-name="T6"/></text:span></text:p><text:p text:style-name="P28"><text:s/></text:p><text:p text:style-name="P26">BILL</text:p><text:p text:style-name="P31">(as initiated)</text:p><text:p text:style-name="P31">entitled</text:p><text:p text:style-name="P24"/><text:p text:style-name="backpageprovision_5f_no_5f_line_5f_numbering">An Act to create a single competent authority to co-ordinate flood risk and management along the River Shannon and to provide for matters connected therewith.<text:span text:style-name="bold_5f_noitalic_5f_nounderline"><text:span text:style-name="T6"><text:line-break/></text:span></text:span></text:p><text:p text:style-name="P28"/><text:p text:style-name="P23">Introduced by Deputies Gerry Adams and Brian Stanley,</text:p><text:p text:style-name="P22">13<text:span text:style-name="T4">th January,</text:span> 2016</text:p><text:p text:style-name="P28"/><text:p text:style-name="P24"/></table:table-cell></table:table-row></table:table><text:p text:style-name="Standard"><text:hidden-text text:condition="ooow:" text:string-value="P10:L20" text:is-hidden="true"/> </text:p></office:text></office:body></office:document-content>