<?xml version="1.0" encoding="UTF-8"?>
<office:document-meta xmlns:office="urn:oasis:names:tc:opendocument:xmlns:office:1.0" xmlns:xlink="http://www.w3.org/1999/xlink" xmlns:dc="http://purl.org/dc/elements/1.1/" xmlns:meta="urn:oasis:names:tc:opendocument:xmlns:meta:1.0" xmlns:ooo="http://openoffice.org/2004/office" office:version="1.1"><office:meta><meta:generator>OpenOffice.org/2.4$Win32 OpenOffice.org_project/680m18$Build-9364</meta:generator><meta:creation-date>2007-04-20T09:56:18</meta:creation-date><dc:date>2016-10-04T12:30:59</dc:date><meta:printed-by>Nici Higgins</meta:printed-by><meta:print-date>2009-05-27T14:24:24</meta:print-date><meta:editing-cycles>637</meta:editing-cycles><meta:editing-duration>P2DT6H7M6S</meta:editing-duration><meta:user-defined meta:name="Info 1"/><meta:user-defined meta:name="Info 2"/><meta:user-defined meta:name="Info 3"/><meta:user-defined meta:name="Info 4"/><meta:document-statistic meta:table-count="1" meta:image-count="0" meta:object-count="0" meta:page-count="10" meta:paragraph-count="143" meta:word-count="1898" meta:character-count="11760"/></office:meta></office:document-meta>